expr,min,lq,mean,median,uq,max,neval
dplyr_lista,206.1805,218.6977,440.59064,265.3533,569.8,942.9217,5
dplyr_apilado,1402.0076,1592.5243,1813.55466,1866.5463,1919.7199,2286.9752,5
dt_lista,702.296,766.2852,1124.78394,857.228,945.9508,2352.1597,5
dt_apilado,1020.2486,1104.6573,1343.75782,1134.8141,1702.0571,1757.012,5
