expr,min,lq,mean,median,uq,max,neval,cld
Lista_dplyr,64.0386,68.2561,77.56008,81.9208,84.2003,89.3846,5,a 
Stack_dplyr,204.4691,396.7759,610.70602,644.9264,815.7279,991.6308,5, b
Lista_DT,38.846,39.5691,42.020939999999996,42.3638,43.3786,45.9472,5,a 
Stack_DT,39.3166,39.6768,48.25884,42.2861,49.982,70.0327,5,a 
