"expr","min","lq","mean","median","uq","max","neval"
"lista_purrr",334.2964,635.8893,1157.43228,1284.9327,1348.1778,2183.8652,5
"apilado_dplyr",452.7349,623.2725,1587.08096,1014.7814,1549.4728,4295.1432,5
"lista_datatable",1032.5817,1938.3338,3229.27804,2788.355,3932.4207,6454.699,5
"apilado_datatable",31.4141,40.7445,53.87768,45.3281,66.6376,85.2641,5
